"Havaintoasema","Vuosi","Kuukausi","Päivä","Aika [Paikallinen aika]","Lumensyvyys [cm]"
"Rovaniemi lentoasema AWOS","2025","11","1","02:00","-1"
"Rovaniemi lentoasema AWOS","2025","11","2","02:00","-1"
"Rovaniemi lentoasema AWOS","2025","11","3","02:00","-1"
"Rovaniemi lentoasema AWOS","2025","11","4","02:00","-1"
,"2025","11","5","02:00","-1"
"Rovaniemi lentoasema AWOS","2025","11","6","02:00",
"Rovaniemi lentoasema AWOS","2025","11","7","02:00","-1"
"Rovaniemi lentoasema AWOS","2025","11","8","02:00","-1"
"Rovaniemi lentoasema AWOS","2025","11","9","02:00","-1"
"Rovaniemi lentoasema AWOS","2025","11","10","02:00","-1"
"Rovaniemi lentoasema AWOS","2025","11","11","02:00","-1"
"Rovaniemi lentoasema AWOS","2025","11","12","02:00","10"
"Rovaniemi lentoasema AWOS","2025","11","13","02:00","9"
"R0v4n1m1 lentoasema AWOS","2025","11","14","02:00","9"
"Rovaniemi lentoasema AWOS","2025","11","15","02:00","9"
"Rovaniemi lentoasema AWOS","2025","11","16","02:00","11"
"Rovaniemi lentoasema AWOS","2025","11","17","02:00","10"
"Rovaniemi lentoasema AWOS","2025","11","18","02:00","9"
NULL,"2025","11","19","02:00","9"
"Rovaniemi lentoasema AWOS","2025","11","20","02:00","11"
"Rovaniemi lentoasema AWOS","2025","11","21","02:00","11"
"Rovaniemi lentoasema AWOS","2025","11","22","02:00","11"
"Rovaniemi lentoasema AWOS","2025","11","23","02:00","17"
"Rovaniemi lentoasema AWOS","2025","11","24","02:00","17"
"Rovaniemi lentoasema AWOS","2025","11","25","02:00","17"
"2025","11","26","02:00","16"
"Rovaniemi lentoasema AWOS","2025","11","27","02:00","17"
"Rovaniemi lentoasema AWOS","2025","11","28","02:00","17"
"Rovaniemi lentoasema AWOS","2025","11","29","02:00","16"
"Rovaniemi lentoasema AWOS","2025","11","30","02:00","9"
"Rovaniemi lentoasema AWOS","2025","12","1","02:00","9"
"Rovaniemi lentoasema AWOS","2025","12","2","02:00","19"
"Rovaniemi lentoasema AWOS","2025","12","3","02:00","24"
"Rovaniemi lentoasema AWOS","2025","12","4","02:00","21"
"Rovaniemi lentoasema AWOS","2025","12","5","02:00","22"
*,"2025","12","6","02:00","23"
"Rovaniemi lentoasema AWOS","2025","12","7","02:00","23"
"Rovaniemi lentoasema AWOS","2025","12","8","02:00","25"
"Rovaniemi lentoasema AWOS","2025","12","9","02:00","29"
"Rovaniemi lentoasema AWOS","2025","12","10","02:00","42"
"Rovaniemi lentoasema AWOS","2025","12","11","02:00","43"
"Rovaniemi lentoasema AWOS","2025","12","12","02:00","41"
"Rovaniemi lentoasema AWOS","2025","12","13","02:00","37"
"Rovaniemi lentoasema AWOS","2025","12","14","02:00","37"
"Rovaniemi lentoasema AWOS","2025","12","15","02:00","41"
"Rovaniemi lentoasema AWOS","2025","12","16","02:00","41"
"Rovaniemi lentoasema AWOS","2025","12","17","02:00","40"
"Rovaniemi lentoasema AWOS","2025","12","18","02:00","39"
?,?,?,?,?,?
?;?;?;?;?;?
"Rovaniemi lentoasema AWOS","2025","12","21","02:00","38"
"Rovaniemi lentoasema AWOS","2025","12","22","02:00","37"
"Rovaniemi lentoasema AWOS","2025","12","23","02:00","37"
"Rovaniemi lentoasema AWOS","2025","12","24","02:00","38"
"Rovaniemi lentoasema AWOS","2025","12","25","02:00","38"
"Rovaniemi lentoasema AWOS",-,"12","26","02:00","37"
"Rovaniemi lentoasema AWOS",?,"12","27","02:00","39"
"Rovaniemi lentoasema AWOS","2025","12","28","02:00","37"
"Rovaniemi lentoasema AWOS","2025","12","29","02:00","37"
"Rovaniemi lentoasema AWOS","2025",NaN,"30","02:00","37"
"Rovaniemi lentoasema AWOS",?,"12","31","02:00","37"
"Rovaniemi lentoasema AWOS","2026","1","1","02:00","37"
"Rovaniemi lentoasema AWOS","2026",*,"2","02:00","39"
-,"2026","1","3","02:00","38"
"Rovaniemi lentoasema AWOS","2026","1","4","02:00","39"
"Rovaniemi lentoasema AWOS","2026","1","5","02:00","39"
"Rovaniemi lentoasema AWOS","2026","1",?,"02:00","42"
"Rovaniemi lentoasema AWOS","2026","1","7","02:00","40"
"Rovaniemi lentoasema AWOS",FALSE,"1","8","02:00","41"
*,"2026","1","9","02:00","41"
"Rovaniemi lentoasema AWOS","2026","1",33,"02:00","41"
"Rovaniemi lentoasema AWOS","2026","1","11","02:00","41"
"Rovaniemi lentoasema AWOS","2026","1","12","02:00","41"
"Rovaniemi lentoasema AWOS","2026","1",","02:00","40"
"Rovaniemi lentoasema AWOS","2026","1","14","02:00","40"
"Rovaniemi lentoasema AWOS","2026","1","15","02:00","40"
"Rovaniemi lentoasema AWOS",NULL,"1","16","02:00","41"
"Rovaniemi lentoasema AWOS","2026","1","17","02:00","46"
"Rovaniemi lentoasema AWOS","2026","1","18","02:00","46"
"Rovaniemi lentoasema AWOS","2026","1","19","02:00","46"
"Rovaniemi lentoasema AWOS","2026","1","20","02:00","45"
"Rovaniemi lentoasema AWOS","2026","1","21","02:00","45"
"Rovaniemi lentoasema AWOS","2026","1","22","02:00","45"
"Rovaniemi lentoasema AWOS","2026","1","23","02:00","44"
"Rovaniemi lentoasema AWOS","2026","1","24","02:00","45"
"Rovaniemi lentoasema AWOS","2026","1","25","02:00","46"
"Rovaniemi lentoasema AWOS","2026","1","26","02:00","49"
"Rovaniemi lentoasema AWOS","2026","1","27","02:00","48"
"Rovaniemi lentoasema AWOS","2026","1","28","02:00","48"
"Rovaniemi lentoasema AWOS","2026","1","29","02:00","49"
"Rovaniemi lentoasema AWOS","2026","1","30","02:00","49"
"Rovaniemi lentoasema AWOS","2026","1","31","02:00","48"
"Rovaniemi lentoasema AWOS","2026","2","1","02:00","49"
?,?,"2","2","02:00","51"
"Rovaniemi lentoasema AWOS","2026","2","3","02:00","48"
"Rovaniemi lentoasema AWOS","2026","2","4","02:00","51"
"Rovaniemi lentoasema AWOS","2026","2","5","02:00","50"
"Rovaniemi lentoasema AWOS","2026","2","6","02:00","50"
"Rovaniemi lentoasema AWOS","2026","2","7","02:00","51"
"Rovaniemi lentoasema AWOS","2026","2","8","02:00","49"
"Rovaniemi lentoasema AWOS","2026","2","9","02:00","51"
"Rovaniemi lentoasema AWOS","2026","2","10","02:00","50"
"Rovaniemi lentoasema AWOS","2026","2","11","02:00","48"
"Rovaniemi lentoasema AWOS","2026","2","12","02:00","50"
"Rovaniemi lentoasema AWOS","2026","2","13","02:00","51"
"Rovaniemi lentoasema AWOS","2026","2","14","02:00","50"
"Rovaniemi lentoasema AWOS","2026","2","15","02:00","51"
"Rovaniemi lentoasema AWOS","2026","2","16","02:00","50"
"Rovaniemi lentoasema AWOS","2026","2","17","02:00","52"
"Rovaniemi lentoasema AWOS","2026","2","18","02:00","53"
*,"2026","2","19","02:00","57"
"Rovaniemi lentoasema AWOS","2026","2","20","02:00","57"
"Rovaniemi lentoasema AWOS","2026","2","21","02:00","57"
"Rovaniemi lentoasema AWOS","2026","2","22","02:00","58"
"Rovaniemi lentoasema AWOS","2026","2","23","02:00","58"
"Rovaniemi lentoasema AWOS","2026","2","24","02:00","57"
"Rovaniemi lentoasema AWOS","2026","2","25","02:00","57"
"Rovaniemi lentoasema AWOS","2026","2","26","02:00","61"
"Rovaniemi lentoasema AWOS","2026","2","27","02:00","64"
?,"2026","2","28","02:00","64"
"Rovaniemi lentoasema AWOS","2026","3","1","02:00","63"
"Rovaniemi lentoasema AWOS","2026","3","2","02:00","65"
"Rovaniemi lentoasema AWOS","2026","3","3","02:00","62"
"Rovaniemi lentoasema AWOS","2026","3","4","02:00","71"
"Rovaniemi lentoasema AWOS","2026","3","5","02:00","70"
?,"2026","3","6","02:00","70"
"Rovaniemi lentoasema AWOS","2026","3","7","02:00","69"
"Rovaniemi lentoasema AWOS","2026","3","8","02:00","68"
"Rovaniemi lentoasema AWOS","2026","3","9","02:00","67"
,"2026","3","10","02:00","67"
"Rovaniemi lentoasema AWOS","2026","3","11","02:00","66"
"Rovaniemi lentoasema AWOS","2026","3","12","02:00","65"
"Rovaniemi lentoasema AWOS">"2026","3","13","02:00","63"
"Rovaniemi lentoasema AWOS","2026","3","14","02:00","58"
"Rovaniemi lentoasema AWOS","2026","3","15","02:00","57"
"Rovaniemi lentoasema AWOS","2026","3","16","02:00","55"
"Rovaniemi lentoasema AWOS","2026","3","17","02:00","56"
"Rovaniemi lentoasema AWOS","2026",-,"18","02:00","55"
"2026","3","19","02:00","53"
"Rovaniemi lentoasema AWOS","2026","3","20","02:00","50"
"Rovaniemi lentoasema AWOS","2026","3","21","02:00","49"
"Rovaniemi lentoasema AWOS","2026","3","22","02:00","48"
"Rovaniemi lentoasema AWOS","2026","3","23","02:00","47"
"Rovaniemi lentoasema AWOS","2026","3","24","02:00","46"
"Rovaniemi lentoasema AWOS","2026","3","25","02:00","47"
"Rovaniemi lentoasema AWOS","2026","3","26","02:00","43"
"Rovaniemi lentoasema AWOS","2026","3","27","02:00","42"
"Rovaniemi lentoasema AWOS","2026","3","28","02:00","42"
"Rovaniemi lentoasema AWOS","2026","3","29","02:00","42"
"Rovaniemi lentoasema AWOS","2026","3","30","03:00","41"
"Rovaniemi lentoasema AWOS","2026","3","31","03:00","41"
"Rovaniemi lentoasema AWOS","2026","4","1","03:00","39"
"Rovaniemi lentoasema AWOS","2026","4","2","03:00","38"
"Rovaniemi lentoasema AWOS","2026","4","3","03:00","37"
"Rovaniemi lentoasema AWOS","2026","4","4","03:00","35"
"Rovaniemi lentoasema AWOS","2026","4","5","03:00","34"
"Rovaniemi lentoasema AWOS","2026","4","6","03:00","34"
"Rovaniemi lentoasema AWOS","2026","4","7","03:00","31"
"Rovaniemi lentoasema AWOS";"2026";"4";"8";"03:00";"28"
"Rovaniemi lentoasema AWOS","2026","4","9","03:00","28"
"Rovaniemi lentoasema AWOS","2026","4","10","03:00","26"
"Rovaniemi lentoasema AWOS","2026","4","11","03:00","24"
"Rovaniemi lentoasema AWOS","2026","4","12","03:00","21"
"Rovaniemi lentoasema AWOS","2026","4","13","03:00","19"
"Rovaniemi lentoasema AWOS","2026","4","14","03:00","16"
"Rovaniemi lentoasema AWOS","2026","4","15","03:00","13"
"Rovaniemi lentoasema AWOS","2026","4","16","03:00","8"
"Rovaniemi lentoasema AWOS","2026","4","17","03:00","-1"
"Rovaniemi lentoasema AWOS","2026","4","18","03:00","-1"
"Rovaniemi lentoasema AWOS","2026","4","19","03:00","-1"
"Rovaniemi lentoasema AWOS","2026","4","20","03:00","-1"
?,"2026","4","21","03:00","-1"
Rovaniemi lentoasema AWOS,"2026","4","22","03:00","-1"
"Rovaniemi lentoasema AWOS","2026","4","23","03:00","-1"
"Rovaniemi lentoasema AWOS","2026","4","24","03:00","-1"
"Rovaniemi lentoasema AWOS","2026","4","25","03:00","-1"
"Rovaniemi lentoasema AWOS","2026","4","26","03:00","-1"
@*"=!,"2026","4","27","03:00","-1"
"Rovaniemi lentoasema AWOS","2026","4","28","03:00","-1"
"Rovaniemi lentoasema AWOS","2026","4","29","03:00","-1"
"Rovaniemi lentoasema AWOS","2026","4","30","03:00","-1"
ZXCW,"2026","5","1","03:00","-1"